variant,time_mean_s,time_stddev_s
unfused,0.0799808390,0.0003012973
fused,0.0835168052,0.0008489408
