variant,time_mean_s,time_stddev_s
unfused,0.11031850928,0.0007106602961297418
fused,0.10820964929999999,0.0006949738489063129
