variant,time_mean_s,time_stddev_s
unfused,0.0797956540,0.0002111578
fused,0.0836885948,0.0003458253
