variant,time_mean_s,time_stddev_s
unfused,0.0795264707,0.0004888870
fused,0.0841789477,0.0012831640
