kernel,variant,time_mean_s,time_stddev_s
conv2d,affine,0.0705795327,0.0004477924
conv2d,affine_tiled_16,0.0412169750,0.0001941694
batch_matmul,affine,0.0155215201,0.0001709569
batch_matmul,affine_tiled_16,0.0017003266,0.0000381851
softmax,scf,0.0008225272,0.0000520639
