kernel,variant,time_mean_s,time_stddev_s
conv2d,affine,0.0743974809,0.0059209018
conv2d,affine_tiled_16,0.0415058765,0.0004044436
batch_matmul,affine,0.0161573226,0.0006640842
batch_matmul,affine_tiled_16,0.0016265661,0.0000253462
softmax,scf,0.0007799665,0.0000418875
