kernel,variant,time_mean_s,time_stddev_s
conv2d,affine,0.0708472664,0.0006971066
conv2d,affine_tiled_16,0.0411846142,0.0001980298
batch_matmul,affine,0.0155247015,0.0001035113
batch_matmul,affine_tiled_16,0.0016561059,0.0000227417
softmax,scf,0.0007875067,0.0000464610
