model,time_mean_ms,time_stddev_ms,gflops_est
linear_relu_512,0.032893207560000005,0.0009463287101408712,0.02
linear_relu_1024,0.03423549388,0.0025617206577163384,0.06
conv_bn_relu_56x56,COMPILE_FAILED,N/A,N/A
mha_bert_base,0.18036302397999995,0.009111300289982157,1.88
mobile_block_56x56,0.030362421720000005,0.0004959017836668977,0.95
