model,time_mean_ms,time_stddev_ms,gflops
linear_relu_512,0.033846,0.005053,15.4902
linear_relu_1024,0.060449,0.007771,34.6932
mha_bert_base,46.087325,4.569680,7.3716
mobile_block_56x56,0.237401,0.038081,121.7409
