model,time_mean_ms,time_stddev_ms,gflops
linear_relu_512,0.034604,0.005128,15.1513
linear_relu_1024,0.057103,0.008415,36.7258
mha_bert_base,43.486927,5.905013,7.8124
mobile_block_56x56,0.241119,0.029787,119.8634
