model,time_mean_s,time_stddev_s,gflops_est
linear_relu_512,0.0000366995,0.0000051491,14.29
linear_relu_1024,0.0000632212,0.0000107046,33.17
conv_bn_relu_56x56,COMPILE_FAILED,N/A,N/A
mha_bert_base,0.0443423000,0.0032652900,7.66
mobile_block_56x56,0.0002649810,0.0001221680,109.07
