model,time_mean_ms,time_stddev_ms,gflops_est
linear_relu_512,0.03517312406999999,0.001658770490546724,0.01
linear_relu_1024,0.03626318403,0.00199197814935552,0.06
conv_bn_relu_56x56,COMPILE_FAILED,N/A,N/A
mha_bert_base,0.18723589393,0.008505846517159896,1.81
mobile_block_56x56,0.03398320874000001,0.0011241693807057767,0.85
